{"Train/Loss": 0.6750463247299194, "Epoch": 107, "Train/Accuracy": 0.625, "_timestamp": 1693320720.990728, "_runtime": 228.7820529937744, "_step": 107, "_wandb": {"runtime": 229}}