{"Train/Loss": 0.6942425966262817, "Epoch": 2, "Train/Accuracy": 0.46875, "_timestamp": 1693306483.7940638, "_runtime": 40.18659281730652, "_step": 2, "_wandb": {"runtime": 40}}