{"Train/Loss": 0.07150071114301682, "Epoch": 999, "Train/Accuracy": 1.0, "_timestamp": 1693308799.7911015, "_runtime": 2203.362704515457, "_step": 1099, "Test/epoch": 99, "Test/Loss": 0.8407483696937561, "Test/Accuracy": 0.6875, "Test/F1": 0.6862745098039216, "_wandb": {"runtime": 2202}}