{"Train/Loss": 0.38668885827064514, "Epoch": 1499, "Train/Accuracy": 0.84375, "_timestamp": 1693314030.7339182, "_runtime": 1927.568073272705, "_step": 1599, "Test/epoch": 99, "Test/Loss": 0.47139379382133484, "Test/Accuracy": 0.84375, "Test/F1": 0.8381410256410257, "_wandb": {"runtime": 1926}}