model,manifold,fourier,max_coms,max_sents,max_sen_len,max_com_len,embedding_dim,f1,prec,rec,acc,train time,eval time
ssm4rc,lorentz,True,30,30,20,20,200,0.9186679132674037,0.9176136363636364,0.9277302865451008,0.9176136363636364,30.530458450317383,1.1692886352539062
ssm4rc,poincare,True,30,30,20,20,200,0.9120856466156944,0.9147727272727273,0.9178675144300144,0.9147727272727273,31.38958239555359,1.2707152366638184
ssm4rc,lorentz,False,30,30,20,20,200,0.929565865353404,0.9289772727272727,0.9362388306138307,0.9289772727272727,29.314308881759644,1.1561861038208008
ssm4rc,poincare,False,30,30,20,20,200,0.9158156193357233,0.9176136363636364,0.9224961878902094,0.9176136363636364,30.699750423431396,1.226738691329956
