model,manifold,fourier,max_coms,max_sents,max_sen_len,max_com_len,embedding_dim,f1,prec,rec,acc,train time,eval time
hs4,lorentz,True,30,30,20,20,200,0.9295129831444648,0.9289772727272727,0.9346823101059335,0.9289772727272727,26.942832708358765,1.2322473526000977
hs4,poincare,True,30,30,20,20,200,0.92147535424432,0.9204545454545454,0.9314220114399215,0.9204545454545454,28.82851266860962,1.1854043006896973
hs4,lorentz,False,30,30,20,20,200,0.9354362726568233,0.9346590909090909,0.9399301275262172,0.9346590909090909,25.878467321395874,1.0349311828613281
hs4,poincare,False,30,30,20,20,200,0.9282186977306238,0.9232954545454546,0.9452712119429276,0.9232954545454546,29.162169456481934,1.1665027141571045
bert,lorentz,True,30,30,20,20,200,0.7696945969259769,0.7642045454545454,0.7910030421996208,0.7642045454545454,20.001113891601562,0.9292716979980469
bert,lorentz,False,30,30,20,20,200,0.668709726649899,0.7670454545454546,0.5960582386363636,0.7670454545454546,19.027930974960327,0.8546302318572998
