model,manifold,fourier,max_coms,max_sents,max_sen_len,max_com_len,embedding_dim,f1,prec,rec,acc,train time,eval time
ssm4rc,lorentz,True,30,30,20,20,100,0.914776061637326,0.9147727272727273,0.920167767906775,0.9147727272727273,27.693975925445557,1.0809414386749268
ssm4rc,lorentz,False,30,30,20,20,100,0.9067344901040975,0.9090909090909091,0.9122197073759573,0.9090909090909091,27.497454404830933,1.0417442321777344
