model,manifold,fourier,max_coms,max_sents,max_sen_len,max_com_len,embedding_dim,f1,prec,rec,acc,train time,eval time
ssm4rc,lorentz,True,30,30,20,20,200,0.9162120566479487,0.9147727272727273,0.9212106688601254,0.9147727272727273,45.61768960952759,1.8449463844299316
ssm4rc,lorentz,False,30,30,20,20,200,0.922733634817741,0.9232954545454546,0.9282788740815586,0.9232954545454546,42.20316934585571,1.414651870727539
ssm4rc,lorentz,True,30,30,20,20,100,0.9189039595969709,0.9176136363636364,0.9243723546984416,0.9176136363636364,41.31232166290283,1.536649227142334
ssm4rc,lorentz,False,30,30,20,20,100,0.9163019933571125,0.9176136363636364,0.9209033921620808,0.9176136363636364,53.34083890914917,1.998605489730835
ssm4rc,lorentz,True,30,30,20,20,50,0.9345344001577764,0.9346590909090909,0.9385142551051641,0.9346590909090909,43.09695839881897,1.9173438549041748
ssm4rc,lorentz,False,30,30,20,20,50,0.9121544143368855,0.9090909090909091,0.9230097970820158,0.9090909090909091,38.86661076545715,1.4790711402893066
hyphen,poincare,True,30,30,20,20,200,0.9195071076862793,0.9176136363636364,0.9264475859788361,0.9176136363636364,211.89248490333557,16.305177927017212
hyphen,poincare,True,30,30,20,20,100,0.9272992361189046,0.9232954545454546,0.9376832430031541,0.9232954545454546,210.3756172657013,16.16900610923767
