model,manifold,fourier,max_coms,max_sents,max_sen_len,max_com_len,embedding_dim,f1,prec,rec,acc,train time,eval time
ssm4rc,lorentz,True,30,30,20,20,200,0.9162120566479487,0.9147727272727273,0.9212106688601254,0.9147727272727273,45.61768960952759,1.8449463844299316
ssm4rc,lorentz,False,30,30,20,20,200,0.922733634817741,0.9232954545454546,0.9282788740815586,0.9232954545454546,42.20316934585571,1.414651870727539
