model,manifold,fourier,max_coms,max_sents,max_sen_len,max_com_len,embedding_dim,f1,prec,rec,acc,train time,eval time
ssm4rc,lorentz,True,30,30,20,20,200,0.7768903495254916,0.7770833333333333,0.790160466065797,0.7770833333333333,38.81239056587219,1.5285019874572754
ssm4rc,poincare,True,30,30,20,20,200,0.7828567157783173,0.7833333333333333,0.7999786316868129,0.7833333333333333,41.19675588607788,1.649718999862671
ssm4rc,lorentz,False,30,30,20,20,200,0.78344699589655,0.7833333333333333,0.7953555818554368,0.7833333333333333,39.60289692878723,1.5886003971099854
ssm4rc,poincare,False,30,30,20,20,200,0.7813703761045881,0.78125,0.7955076306275995,0.78125,39.133211851119995,1.599639654159546
