model,manifold,fourier,max_coms,max_sents,max_sen_len,max_com_len,embedding_dim,f1,prec,rec,acc,train time,eval time
ssm4rc,lorentz,True,30,30,20,20,200,0.7758523498541184,0.775,0.7904704168004769,0.775,56.99247455596924,2.2716643810272217
ssm4rc,lorentz,False,30,30,20,20,200,0.7704169870840015,0.76875,0.781574789947468,0.76875,65.09869980812073,2.7781283855438232
ssm4rc,lorentz,True,30,30,20,20,100,0.7795743493546949,0.78125,0.8010160732531572,0.78125,61.750927686691284,2.2395095825195312
ssm4rc,lorentz,False,30,30,20,20,100,0.7641630170563449,0.7645833333333333,0.7722538144045497,0.7645833333333333,60.78747034072876,2.151096820831299
ssm4rc,lorentz,True,30,30,20,20,50,0.7618902668080404,0.7625,0.7682293242551077,0.7625,60.463521003723145,2.3239073753356934
ssm4rc,lorentz,False,30,30,20,20,50,0.7717924504437261,0.7729166666666667,0.7781545103843382,0.7729166666666667,59.951111793518066,2.2084269523620605
hyphen,poincare,True,30,30,20,20,200,0.7737933307536112,0.775,0.781476798216833,0.775,290.9796373844147,21.340699195861816
