model,manifold,fourier,max_coms,max_sents,max_sen_len,max_com_len,embedding_dim,f1,prec,rec,acc,train time,eval time
hs4,lorentz,True,30,30,20,20,200,0.7839376911088484,0.7854166666666667,0.7963423643493301,0.7854166666666667,39.2852680683136,1.8616511821746826
hs4,lorentz,False,30,30,20,20,200,0.7757093203102261,0.775,0.7849993192616064,0.775,40.89239764213562,1.5020718574523926
hs4,poincare,True,30,30,20,20,200,0.7863638089712038,0.7875,0.8002114716065954,0.7875,38.147523403167725,1.757215976715088
hs4,poincare,False,30,30,20,20,200,0.7858515701029785,0.7854166666666667,0.7948044964008586,0.7854166666666667,37.87080645561218,1.5446672439575195
han,lorentz,True,30,30,20,20,200,0.7624076668957903,0.7625,0.7750644429558673,0.7625,96.4678647518158,3.1023263931274414
han,poincare,True,30,30,20,20,200,0.7654923129645019,0.7666666666666667,0.7828032927505645,0.7666666666666667,97.26548743247986,4.278682231903076
han,lorentz,False,30,30,20,20,200,0.7740397554659587,0.7729166666666667,0.781557923706482,0.7729166666666667,79.3846640586853,3.3696351051330566
han,poincare,False,30,30,20,20,200,0.7592974195752653,0.7604166666666666,0.7676157077267275,0.7604166666666666,75.58398008346558,2.892012357711792
