model,manifold,fourier,max_coms,max_sents,max_sen_len,max_com_len,embedding_dim,f1,prec,rec,acc,train time,eval time
ssm4rc,lorentz,True,30,30,20,20,200,0.8414815517262995,0.840625,0.8529857699418264,0.840625,50.128401041030884,2.0388426780700684
ssm4rc,poincare,True,30,30,20,20,200,0.860806456725394,0.859375,0.8720138457402852,0.859375,53.70233082771301,2.2686452865600586
ssm4rc,lorentz,False,30,30,20,20,200,0.8532897962251816,0.853125,0.8596786297859478,0.853125,52.124775648117065,2.0722413063049316
ssm4rc,poincare,False,30,30,20,20,200,0.8577819051392377,0.8578125,0.863459807100528,0.8578125,53.563814640045166,2.36069655418396
