model,manifold,fourier,max_coms,max_sents,max_sen_len,max_com_len,embedding_dim,f1,prec,rec,acc,train time,eval time
hs4,lorentz,True,30,30,20,20,200,0.8511517184966493,0.8515625,0.8618769573142997,0.8515625,46.35912609100342,1.8681321144104004
hs4,poincare,True,30,30,20,20,200,0.8413114103370904,0.8421875,0.8490345134438698,0.8421875,49.48889374732971,2.3020262718200684
hs4,lorentz,False,30,30,20,20,200,0.8400556163742564,0.8390625,0.8554951118925178,0.8390625,53.15737462043762,2.04654860496521
hs4,poincare,False,30,30,20,20,200,0.8395393126657789,0.8375,0.8530372484442497,0.8375,107.02512979507446,4.824699401855469
