model,manifold,fourier,max_coms,max_sents,max_sen_len,max_com_len,embedding_dim,f1,prec,rec,acc,train time,eval time
ssm4rc,lorentz,True,30,30,20,20,200,0.8499409224391803,0.846875,0.8670636545898137,0.846875,65.45149207115173,2.6566903591156006
ssm4rc,lorentz,True,30,30,20,20,100,0.8531900550961128,0.8515625,0.8620071090779791,0.8515625,74.50880908966064,2.8563313484191895
ssm4rc,lorentz,False,30,30,20,20,100,0.8515309313943398,0.85,0.8616426014447388,0.85,74.35145831108093,3.2646501064300537
ssm4rc,lorentz,True,30,30,20,20,50,0.8385769837466585,0.8390625,0.8481333094511129,0.8390625,67.78500890731812,2.9080522060394287
ssm4rc,lorentz,False,30,30,20,20,50,0.8345728843231127,0.834375,0.8426947538732226,0.834375,97.3848180770874,3.3332746028900146
hyphen,poincare,True,30,30,20,20,100,0.8511205619903233,0.8515625,0.8547807778937931,0.8515625,733.4631948471069,42.172566413879395
