model,manifold,fourier,max_coms,max_sents,max_sen_len,max_com_len,embedding_dim,f1,prec,rec,acc,train time,eval time
ssm4rc,lorentz,True,30,30,20,20,100,0.8578092191883897,0.85625,0.8675334293277119,0.85625,48.43886399269104,1.9456496238708496
ssm4rc,lorentz,False,30,30,20,20,100,0.8585434139842057,0.8578125,0.8667930059499179,0.8578125,48.05554986000061,2.1965012550354004
