model,manifold,fourier,max_coms,max_sents,max_sen_len,max_com_len,embedding_dim,f1,prec,rec,acc,train time,eval time
hs4,lorentz,True,30,30,20,20,200,0.9069230769230769,0.90625,0.909412955465587,0.90625,2.873523473739624,0.10003280639648438
hs4,poincare,True,30,30,20,20,200,0.9385416666666666,0.9375,0.9471153846153846,0.9375,3.112935781478882,0.11195778846740723
hs4,lorentz,False,30,30,20,20,200,1.0,1.0,1.0,1.0,2.8134982585906982,0.10294437408447266
hs4,poincare,False,30,30,20,20,200,0.9692251461988304,0.96875,0.971875,0.96875,3.132706880569458,0.1139223575592041
bert,lorentz,True,30,30,20,20,200,0.796875,0.8125,0.8157051282051282,0.8125,2.11576509475708,0.08997344970703125
bert,lorentz,False,30,30,20,20,200,0.796875,0.8125,0.8157051282051282,0.8125,2.144477367401123,0.08840441703796387
