model,manifold,fourier,max_coms,max_sents,max_sen_len,max_com_len,embedding_dim,f1,prec,rec,acc,train time,eval time
ssm4rc,lorentz,True,30,30,20,20,100,0.8777056277056277,0.875,0.8875,0.875,2.996828317642212,0.10956931114196777
ssm4rc,lorentz,False,30,30,20,20,100,0.9683693244739755,0.96875,0.9701704545454546,0.96875,3.014235258102417,0.10847830772399902
