model,manifold,fourier,max_coms,max_sents,max_sen_len,max_com_len,embedding_dim,f1,prec,rec,acc,train time,eval time
ssm4rc,lorentz,True,30,30,20,20,200,1.0,1.0,1.0,1.0,3.1442739963531494,0.1093134880065918
ssm4rc,poincare,True,30,30,20,20,200,0.9382591093117408,0.9375,0.9464285714285714,0.9375,3.2924816608428955,0.12352824211120605
ssm4rc,lorentz,False,30,30,20,20,200,0.9684517497348887,0.96875,0.9702380952380952,0.96875,3.0868899822235107,0.1081387996673584
ssm4rc,poincare,False,30,30,20,20,200,1.0,1.0,1.0,1.0,3.3225557804107666,0.12489533424377441
