model,manifold,fourier,max_coms,max_sents,max_sen_len,max_com_len,embedding_dim,f1,prec,rec,acc,train time,eval time
ssm4rc,lorentz,True,30,30,20,20,200,0.9375,0.9375,0.9375,0.9375,5.703585147857666,0.17006564140319824
ssm4rc,lorentz,False,30,30,20,20,200,0.9692251461988304,0.96875,0.971875,0.96875,4.7333314418792725,0.17113900184631348
ssm4rc,lorentz,True,30,30,20,20,100,0.9082692307692308,0.90625,0.9263392857142857,0.90625,5.25895619392395,0.17764496803283691
ssm4rc,lorentz,False,30,30,20,20,100,1.0,1.0,1.0,1.0,4.236435890197754,0.14469432830810547
ssm4rc,lorentz,True,30,30,20,20,50,0.8791666666666667,0.875,0.9107142857142857,0.875,5.823825359344482,0.21175026893615723
ssm4rc,lorentz,False,30,30,20,20,50,0.9071447507953341,0.90625,0.9098958333333333,0.90625,4.226690769195557,0.16139602661132812
hyphen,poincare,True,30,30,20,20,200,0.9385416666666666,0.9375,0.9471153846153846,0.9375,68.8182053565979,4.974149465560913
hyphen,poincare,True,30,30,20,20,100,0.968525641025641,0.96875,0.9703125,0.96875,65.61446380615234,3.6127965450286865
