model,manifold,fourier,max_coms,max_sents,max_sen_len,max_com_len,embedding_dim,f1,prec,rec,acc,train time,eval time
ssm4rc,lorentz,True,30,30,20,20,100,1.0,1.0,1.0,1.0,2.736804962158203,0.10596752166748047
ssm4rc,lorentz,False,30,30,20,20,100,0.936740890688259,0.9375,0.94375,0.9375,2.7422375679016113,0.10581207275390625
