model,manifold,fourier,max_coms,max_sents,max_sen_len,max_com_len,embedding_dim,f1,prec,rec,acc,train time,eval time
ssm4rc,lorentz,True,30,30,20,20,200,0.9687194525904204,0.96875,0.9705882352941176,0.96875,6.037918567657471,0.16659140586853027
ssm4rc,lorentz,False,30,30,20,20,200,0.9688423645320197,0.96875,0.9708333333333333,0.96875,9.184142827987671,0.2589685916900635
