model,manifold,fourier,max_coms,max_sents,max_sen_len,max_com_len,embedding_dim,f1,prec,rec,acc,train time,eval time
ssm4rc,lorentz,True,30,30,20,20,200,0.9687805474095796,0.96875,0.970703125,0.96875,4.437119483947754,0.1719202995300293
ssm4rc,lorentz,False,30,30,20,20,200,0.8719635627530364,0.875,0.8988095238095238,0.875,3.878098964691162,0.15312647819519043
ssm4rc,lorentz,True,30,30,20,20,100,0.9687194525904204,0.96875,0.9705882352941176,0.96875,4.525259494781494,0.17560911178588867
ssm4rc,lorentz,False,30,30,20,20,100,0.9054187192118226,0.90625,0.9210526315789473,0.90625,3.850745677947998,0.13115715980529785
ssm4rc,lorentz,True,30,30,20,20,50,0.9685935935935936,0.96875,0.9703947368421052,0.96875,4.158788681030273,0.18934392929077148
ssm4rc,lorentz,False,30,30,20,20,50,0.9059729064039409,0.90625,0.9074900793650793,0.90625,3.9840197563171387,0.13884735107421875
hyphen,poincare,True,30,30,20,20,200,0.9688423645320197,0.96875,0.9708333333333333,0.96875,38.76590323448181,2.7086784839630127
