model,manifold,fourier,max_coms,max_sents,max_sen_len,max_com_len,embedding_dim,f1,prec,rec,acc,train time,eval time
ssm4rc,lorentz,True,30,30,20,20,200,0.9375,0.9375,0.9375,0.9375,2.8571529388427734,0.11205840110778809
ssm4rc,poincare,True,30,30,20,20,200,0.9375,0.9375,0.9375,0.9375,2.865589141845703,0.11624646186828613
ssm4rc,lorentz,False,30,30,20,20,200,0.9065270935960591,0.90625,0.908578431372549,0.90625,2.770368814468384,0.10625290870666504
ssm4rc,poincare,False,30,30,20,20,200,0.9375,0.9375,0.9375,0.9375,3.0802812576293945,0.1215522289276123
hs4,lorentz,True,30,30,20,20,200,0.9375,0.9375,0.9375,0.9375,2.4738597869873047,0.09175848960876465
hs4,lorentz,False,30,30,20,20,200,0.9686576354679803,0.96875,0.970486111111111,0.96875,2.392119884490967,0.09340691566467285
