model,manifold,fourier,max_coms,max_sents,max_sen_len,max_com_len,embedding_dim,f1,prec,rec,acc,train time,eval time
ssm4rc,lorentz,True,30,30,20,20,200,0.9687805474095796,0.96875,0.970703125,0.96875,4.437119483947754,0.1719202995300293
ssm4rc,lorentz,False,30,30,20,20,200,0.8719635627530364,0.875,0.8988095238095238,0.875,3.878098964691162,0.15312647819519043
